,3-shot,3-shot,3-shot,10-shot,10-shot,10-shot,20-shot,20-shot,20-shot
,accuracy,precision,recall,accuracy,precision,recall,accuracy,precision,recall
3-way,0.7656666666666667,0.7656666749715805,0.7858952760696412,0.8396666666666667,0.8396666705608368,0.8525003385543823,0.8543333333333333,0.8543333351612091,0.8640611779689789
6-way,0.6346666666666667,0.6346666732430458,0.6619003894925117,0.7291666666666666,0.7291666680574417,0.7424158388376236,0.7513333333333333,0.751333339214325,0.7607799255847931
